Year,ISO_Code,Countries,Economic Freedom Summary Index,Rank,Government consumption,Transfers and subsidies,Government investment,Top marginal income tax rate,Top marginal income and payroll tax rate,Top marginal tax rate,State ownership of assets,Size of Government,Judicial independence,Impartial courts,Protection of property rights,Military interference in rule of law and politics,Integrity of the legal system,Legal enforcement of contracts,Regulatory restrictions on the sale of real property,Reliability of police,Business costs of crime,Gender Legal Rights Adjustment,Legal System & Property Rights,Money growth,Standard deviation of inflation,Inflation: Most recent year, Freedom to own foreign currency bank accounts,Sound Money,Revenue from trade taxes (% of trade sector),Mean tariff rate,Standard deviation of tariff rates,Tariffs,Non-tariff trade barriers,Compliance costs of importing and exporting,Regulatory trade barriers,Black market exchange rates,Foreign ownership/investment restrictions,Capital controls,Freedom of foreigners to visit,Controls of the movement of capital and people,Freedom to Trade Internationally,Ownership of banks,Private sector credit,Interest rate controls/negative real interest rates),Credit market regulations,Hiring regulations and minimum wage,Hiring and firing regulations,Centralized collective bargaining,Hours Regulations,Mandated cost of worker dismissal,Conscription,Labor market regulations,Administrative requirements,Regulatory Burden,Starting a business,Extra payments/bribes/favoritism,Licensing restrictions,Tax compliance,Business regulations,Regulation
2017,AGO,Angola,4.83,158,6.34,8.89,6,10,9,9.5,3.07,6.76,1.44,1.66,3.3,3.33,4.17,2.3,5.49,3.36,4.29,0.81,2.95,9.44,4.19,3.66,5,5.57,9.24,7.72,4.25,7.07,4.93,2.51,3.72,0,2.95,3.08,0.11,2.04,3.21,5,9.19,6,6.73,10,4.4,7.21,4,6.63,0,5.37,2.4,1.33,8.7,1.95,8.1,6.78,4.88,5.66
2017,ALB,Albania,7.67,30,8.08,7.34,8,9,7,8,6.22,7.53,2.48,3.1,4.57,8.33,4.17,4.39,6.62,6.82,6.22,0.95,5.06,9.25,9.74,9.6,10,9.65,9.64,9.28,8.1,9.01,6.01,9.41,7.71,10,6.31,5.38,8.3,6.66,8.34,10,9.15,10,9.72,5.57,5.37,6.4,8,6.3,10,6.94,6.27,6.67,9.72,4.05,6.03,7.18,6.65,7.77
2017,ARE,United Arab Emirates,7.17,61,4.09,8.7,2,10,10,10,4.45,5.85,7.16,6.52,7.41,8.33,6.67,5.83,9.91,8.33,8.89,0.48,5.67,9.22,7.41,9.61,10,9.06,10,9.04,6.29,8.44,6.97,8.3,7.64,10,7.6,5.38,5.31,6.1,8.05,5,8.4,,6.7,10,6.76,7.42,6,10,0,6.7,6.58,5.33,9.63,8.47,10,9.87,8.31,7.24
2017,ARG,Argentina,5.67,146,5.39,6.31,6,7,1,4,6.85,5.71,3.59,2.96,4.38,7.5,3.33,3.63,6.86,3.7,4.13,0.79,3.98,5.01,6.02,4.86,10,6.47,6.66,7.26,5.89,6.6,4.63,5.16,4.89,10,5.36,0.77,7.97,4.7,6.55,5,4.26,9,6.09,2.77,2.21,3.31,10,2.52,10,5.13,2.49,7.11,9.59,3.26,5.35,6.51,5.72,5.65
2017,ARM,Armenia,7.7,27,7.19,7.31,8,5,5,5,9.51,7.4,4.03,4.24,5.79,5.83,5,5.2,9.83,5.84,7.01,1,5.86,8.56,9.54,9.81,10,9.48,9,8.8,8.08,8.63,5.69,9.03,7.36,10,5.11,5.38,10,6.83,8.2,10,7.79,10,9.26,6.67,5.74,6.82,10,9.25,0,6.41,4.63,6.22,9.88,4.58,9.32,7.06,6.95,7.54
2017,AUS,Australia,8.07,9,4.54,6.84,10,6,5,5.5,7.92,6.96,8.68,5.69,8.16,10,9.17,6.03,8.17,8.62,6.79,1,7.92,8.95,9.27,9.61,10,9.46,8.71,9.5,8.31,8.84,6.67,8.42,7.55,10,6.85,4.62,0.11,3.86,7.56,10,8.91,10,9.64,8.9,3.75,5.75,10,7.93,10,7.72,3.82,9.56,9.91,7.24,8.94,8.82,8.05,8.47
2017,AUT,Austria,7.71,26,3.76,3.44,10,4,3,3.5,7.61,5.66,7.68,5.56,8.18,10,10,6.22,8.1,8.46,7.19,1,7.93,8.22,9.87,9.58,10,9.42,9,8.98,6.7,8.23,6.52,9.96,8.24,10,6.9,3.08,7.74,5.91,8.09,8,9.71,10,9.24,8.9,3.56,2.23,6,10,3,5.62,4.17,9.33,9.24,6.42,7.3,8.53,7.5,7.45
2017,AZE,Azerbaijan,6.34,116,6.86,7.94,0,9,4,6.5,2.89,4.84,5.68,5.86,6.32,5,5.83,7.25,9.86,6.17,7.28,0.67,5.49,9.19,5.79,7.42,5,6.85,9.04,8.2,6.69,7.98,5.96,8.21,7.09,10,6.23,4.62,1.44,4.09,7.29,5,10,9,8,8.33,6.14,7.24,6,8.5,1,6.2,6.07,6.22,9.87,5.35,9.02,8.22,7.46,7.22
2017,BDI,Burundi,6.17,124,7.47,10,7,8,5,6.5,3.63,6.92,2.09,2.99,3.38,1.1,,2.81,8.55,3.36,4.67,0.95,3.53,7.72,8.46,6.79,10,8.24,8.07,7.44,5.14,6.88,3.67,1.14,2.4,9.09,3.89,1.54,10,5.14,5.88,5,0,10,5,10,3.66,7.41,8,7.76,10,7.8,3.43,2.44,9.76,3.3,9.76,7.4,6.02,6.27
2017,BEL,Belgium,7.51,40,2.54,2.1,10,2,0,1,8.67,4.86,7.79,5.36,7.88,10,8.33,5.57,4.77,7.63,6.28,1,7.07,8.49,9.84,9.57,10,9.48,9,8.98,6.7,8.23,5.9,9.96,7.93,10,7.85,3.85,7.74,6.48,8.16,8,9.64,10,9.21,8.9,3.7,5.63,6,10,10,7.37,3.46,8.67,9.76,6.47,7.46,8.48,7.38,7.99
2017,BEN,Benin,6.08,129,7.46,9.77,7,4,3,3.5,7.55,7.06,3.42,4.2,4.94,6.4,,1.07,6.61,5.81,4.98,0.79,4.18,7.2,9.59,9.98,0,6.69,5.84,7.56,7.02,6.81,4.73,5.16,4.94,10,5.22,0.77,1.77,2.59,6.08,10,5.46,5,6.82,7.77,5.22,7.74,8,7.57,1,6.22,3.78,4.22,9.67,2.79,9.48,6.97,6.15,6.4
2017,BFA,Burkina Faso,6.07,130,2.51,9.59,2,9,4,6.5,8.08,5.73,4.33,4.62,5.08,3.33,5.83,2.14,4.79,5.98,4.68,0.88,4.26,9.46,8.5,9.93,0,6.97,6.51,7.56,7.02,7.03,5.27,3.59,4.43,10,5.57,0.77,7.19,4.51,6.49,10,8.03,5,7.68,6.67,4.46,6.41,6,7.94,10,6.91,3.68,4.22,9.12,3.11,8.94,6.97,6.01,6.87
2017,BGD,Bangladesh,6.18,123,9.4,9.71,7,8,8,8,6.64,8.15,3.84,3.45,5.09,4.17,3.33,0.94,2.66,3.9,4.73,0.76,3.14,9.3,9.75,8.86,0,6.98,5.55,7.22,6.16,6.31,6.26,0,3.13,10,5.5,0,7.63,4.38,5.95,5,8.65,10,7.88,10,5.17,6.5,10,1.37,10,7.17,3.94,2.44,9.15,2.49,6.61,5.12,4.96,6.67
2017,BGR,Bulgaria,7.54,37,5.74,5.85,8,10,7,8.5,7.55,7.13,3.49,3.36,4.25,8.33,5,5.08,8.69,4.39,4.9,1,5.28,8.8,9.34,9.59,10,9.43,9,8.98,6.7,8.23,5.37,9.84,7.6,10,5.3,6.92,7.63,6.62,8.11,10,10,10,10,5.57,4.63,6.92,6,9.25,10,7.06,3.96,6,9.25,3.52,9.33,4.92,6.16,7.74
2017,BHR,Bahrain,7.35,50,5.04,8.03,10,10,10,10,1.76,6.97,6.82,6.23,7.44,5,7.5,4.79,8.86,7.76,7.29,0.52,5.22,9.96,7.77,9.72,10,9.36,9.48,9.04,6.41,8.31,6.71,6.41,6.56,10,7.46,6.15,0.77,4.79,7.42,10,2.83,10,7.61,8.33,5.69,7.7,8,7.03,10,7.79,6.08,8,9.71,6.6,8.07,9.68,8.02,7.81
2017,BHS,Bahamas,7.25,58,7.04,8.34,7,10,10,10,,8.1,,5.9,,10,6.67,4.6,6.28,,,0.95,6.52,8.86,8.96,9.7,0,6.88,4.79,3.36,1.9,3.35,6.71,8.11,7.41,10,,0.77,10,5.38,6.54,10,5.87,10,8.62,8.9,,,8,6.55,10,8.36,,5.78,9.19,,7.98,7.79,7.69,8.22
2017,BIH,Bosnia and Herzegovina,6.69,92,5.71,5.64,4,10,3,6.5,6.31,5.63,2.72,2.01,3.71,5.3,,3.79,7.84,4.25,5.17,0.93,4.19,8.77,9.69,9.77,5,8.31,9.99,8.74,6.82,8.52,5.22,9.6,7.41,10,4.66,3.08,8.52,5.42,7.84,10,10,10,10,5.57,3.65,7.35,10,7.51,10,7.35,2.24,5.11,7.21,3.15,7.74,5.39,5.14,7.5
2017,BLR,Belarus,6.64,99,5.59,5.5,10,10,5,7.5,2.04,6.12,,4.1,,5,5.83,6.97,9.94,,,0.68,5.33,8.4,7.59,8.79,5,7.44,8.33,8.64,6.71,7.89,6.15,9.74,7.95,10,,0.77,1.77,1.27,6.78,2,10,10,7.33,10,,,10,7.76,1,7.19,,6,9.71,,8.31,7.94,7.99,7.5
2017,BLZ,Belize,6.78,85,6.14,8.43,4,9,,9,,6.89,8.03,3.9,7.39,6.4,,3.33,7.29,,4.77,0.78,5.21,9.45,9.53,9.78,0,7.19,7.07,7.68,4.29,6.35,4.27,5.82,5.05,10,7.82,0,6.31,4.71,6.53,10,9.84,10,9.95,7.77,4.97,7.99,8,6.55,10,7.55,3.72,4.67,8.26,6.72,8.84,8.35,6.76,8.08
2017,BOL,Bolivia,6.14,126,5.85,8.84,0,10,10,10,4.78,5.89,0.24,1.32,2.58,5,4.17,4.49,6.75,2.81,5.99,0.88,3.48,9.81,8.11,9.44,10,9.34,9.24,7.64,7.12,8,4.78,3.05,3.91,10,4.04,4.62,10,6.22,7.03,8,4.89,10,7.63,1.1,2.02,5.06,8,,3,3.84,1.83,2.22,8.12,2.1,5.66,0,3.32,4.93
2017,BRA,Brazil,6.23,120,4.7,5.22,4,8,4,6,8.35,5.65,4.77,2.88,5.29,6.67,3.33,3.64,8.2,4.19,2.81,0.95,4.53,9.14,9.22,9.31,10,9.42,8.62,7.32,6.14,7.36,4.02,7.87,5.94,10,5.2,2.31,8.19,5.23,7.13,5,4.9,5,4.97,2.23,1.71,5.19,6,7.13,3,4.21,1.05,6,9.27,2.91,5,0,4.04,4.41
2017,BRB,Barbados,6.45,112,7.75,5.95,6,7,3,5,6.66,6.27,6.43,6.7,6.5,8.9,,3.8,6.57,,4.9,0.88,5.88,6.43,9.12,9.07,0,6.16,7.86,7.86,5.63,7.12,,5.29,5.29,10,6.84,0,9.4,5.42,6.96,8,0.86,10,6.29,8.9,,,8,5.68,10,8.15,,6.67,9.44,4.35,5,7.25,6.54,6.99
2017,BRN,Brunei Darussalam,6.62,100,0,,0,10,10,10,,3.33,5.01,3.44,5.54,8.33,8.33,4.17,4.8,6.71,7.16,0.79,5.31,9.5,5.59,9.97,10,8.77,,9.96,9.29,9.62,5.3,2.34,3.82,10,5.13,6.15,4.31,5.2,7.16,,8.26,10,9.13,10,4.69,7.47,10,10,10,8.69,3.85,8,9.81,5.78,9.56,9.41,7.74,8.52
2017,BTN,Bhutan,6.77,87,4.78,9.86,7,9,8,8.5,4.4,6.91,6.16,6.7,6.71,9.3,,7.37,6.9,2.46,7.55,0.93,6.41,8.67,9.39,9.23,0,6.82,9.67,5.54,4.2,6.47,4.92,9.5,7.21,10,3.94,0,0.33,1.42,6.28,5,9.3,9,7.77,10,2.01,5.63,10,10,10,7.94,2.54,4.22,9.58,5.74,8.47,9.42,6.66,7.46
2017,BWA,Botswana,7.37,49,3.68,8.81,7,9,9,9,3.34,6.37,5.45,5.31,6.81,8.33,5.83,3.07,7.81,6.06,5.57,0.95,5.88,9.36,8.35,9.34,10,9.26,1.03,8.48,5.59,5.04,5.54,9.39,7.47,10,6.39,5.38,10,7.26,7.44,8,9.57,10,9.19,10,4.78,6.36,10,3.78,10,7.49,4.22,6.67,8.46,4.83,9.26,8.65,7.01,7.9
2017,CAF,Central African Republic,5.23,151,9.44,9.58,4,3,,3,6.5,6.5,5.25,2.5,4.79,1.2,,0.51,4.97,,,0.7,2.73,8.45,9.04,9.18,0,6.67,0.89,6.4,6.18,4.49,3.28,2.28,2.78,10,,1.54,1.44,1.49,4.69,5,9.59,10,8.2,0,,,6,7.01,0,3.25,,1.11,7.66,,7.32,4.59,5.17,5.54
2017,CAN,Canada,8.08,8,3.97,7.11,8,5,5,5,8.34,6.48,8.68,6.12,8.4,10,9.17,3.65,8.97,8.76,6.87,1,7.85,8.99,9.53,9.68,10,9.55,9.73,9.2,2.08,7,5.91,9.89,7.9,10,7.02,7.69,5.53,6.75,7.91,10,9.87,10,9.96,8.9,6.19,7.41,8,8.27,10,8.13,4.56,9.78,9.95,6.78,6.85,8.53,7.74,8.61
2017,CHE,Switzerland,8.4,4,6.39,5.98,10,8,6,7,8.6,7.6,9.07,7.75,9.23,10,8.33,4.5,9.6,9.23,7.93,1,8.4,9.92,9.89,9.89,10,9.93,9.91,8.72,0,6.21,6.23,9.89,8.06,10,7.75,3.08,7.74,6.19,7.62,8,10,10,9.33,10,7.77,8.35,6,10,5,7.85,6.21,8,9.57,8.05,8.37,9.29,8.25,8.48
2017,CHL,Chile,7.89,13,6.38,8.5,10,7,7,7,8.99,8.17,6.46,4.7,7.01,7.5,7.5,5.29,9.07,7.99,5.21,0.91,6.44,9.1,9.47,9.56,10,9.53,9.79,9.79,9.76,9.78,7.15,6.83,6.99,10,7.57,3.08,9.07,6.57,8.34,8,8.82,9,8.61,6.67,3.37,8.35,10,2.52,1,5.32,3.94,7.78,9.75,5.96,7.74,6.68,6.97,6.97
2017,CHN,China,6.42,113,3.8,8.29,2,6,6,6,3.24,4.67,5.82,5.17,5.96,5,5.83,5.72,8.32,5.98,6.31,0.86,5.58,9.98,9.33,9.68,5,8.5,9.36,8.04,6.94,8.11,5.81,8.17,6.99,10,5.89,0,0.55,2.15,6.81,2,9.41,10,7.14,8.9,5.77,6.05,10,2.52,0,5.54,5.63,3.78,9.72,5.85,8.41,8.41,6.97,6.55
2017,CIV,Cote d'Ivoire,5.97,134,6.49,9.4,4,3,1,2,7.79,5.93,2.42,4.2,4.77,4.17,4.17,3.97,7.1,3.85,4.63,0.93,4.21,9.34,9.26,9.86,0,7.12,5.09,7.56,7.02,6.56,5.96,1.83,3.9,10,6.45,0.77,2.43,3.22,5.92,10,8.08,5,7.69,5.57,5.1,7.49,8,7.57,3,6.12,3.62,3.78,9.77,3.98,8.27,7.7,6.19,6.67
2017,CMR,Cameroon,5.84,140,7.72,9.57,7,5,4,4.5,5.94,6.95,3.37,4.06,5.16,5,3.33,2.17,3.47,5.31,4.32,0.59,3.2,9.86,9.55,9.87,0,7.32,3.84,6.36,6.29,5.5,5.05,0,2.53,10,5.69,1.54,0.55,2.6,5.15,5,6.5,10,7.17,7.23,4.92,6.82,8,7.01,10,7.33,4.06,3.33,9.27,2.94,8.69,3.01,5.22,6.57
2017,COD,"Congo, Dem. Rep.",5,157,9.81,8.85,8,5,3,4,3.99,6.93,2.27,3.04,3.7,2.5,1.67,0.97,5.9,3.56,5.74,0.9,3.11,8.07,2.69,1.7,5,4.37,7.79,7.82,7.65,7.75,4.41,0,2.21,10,5.71,0.77,0.33,2.27,5.56,0,10,3,4.33,1.67,5.05,6.64,8,10,3,5.73,3.25,0,9.48,2.75,8.9,6.12,5.08,5.05
2017,COG,"Congo, Rep. of",5.08,154,4.72,9.9,4,5,3,4,5.43,5.61,3.07,3.6,,5,3.33,3.01,4.39,,,0.66,3.1,7.58,5.46,9.91,0,5.74,9.35,7.62,7,7.99,4.03,0,2.01,10,,1.54,1.55,1.54,5.39,0,7.9,10,5.97,1.1,,,4,7.53,10,5.66,,1.11,7.61,,8.23,3.25,5.05,5.56
2017,COL,Colombia,6.68,94,6.52,8,10,7,2,4.5,7.21,7.24,3.14,2.78,4.92,4.17,3.33,2.22,9.06,3.96,3.17,0.93,3.94,9.43,9.2,9.14,5,8.19,9.13,8.86,6.37,8.12,4.91,3.63,4.27,8.76,5.54,1.54,9.62,5.57,6.68,10,9.73,10,9.91,8.9,3.87,6.34,10,4.82,1,5.82,2.66,6.67,9.5,2.94,8.75,7.14,6.28,7.34
2017,CPV,Cape Verde,7.16,63,5.65,9.36,7,8,4,6,7.91,7.18,5.33,3.77,5.22,8.7,,6.06,8.83,5.42,5.01,1,6.04,8.77,9.7,9.84,5,8.33,7.25,8,4.84,6.7,4.92,6.66,5.79,10,5.96,2.73,10,6.23,7.18,10,8.61,10,9.54,3.9,4.5,6.87,8,5.07,1,4.89,4.6,5.56,9.27,4.45,9.16,7.98,6.84,7.09
2017,CRI,Costa Rica,7.41,46,5.51,8.46,8,9,4,6.5,6.74,7.04,6.86,4.42,6.49,10,4.17,3.52,8.67,6.1,5.41,0.88,5.82,9.84,9.51,9.67,10,9.76,8.58,8.88,6.42,7.96,4.85,7.47,6.16,10,6.9,6.92,9.29,7.71,7.96,5,6.39,9,6.8,2.23,4.71,6.25,8,5.66,10,6.14,2.62,5.11,9.16,4.74,8.71,8.31,6.44,6.46
2017,CYP,Cyprus,7.68,28,6.41,5.91,8,7,7,7,7.29,6.92,6.24,4.52,6.2,8.33,8.33,4,6.44,6.31,6.89,0.93,6.13,8.02,9.51,9.89,10,9.36,9,8.98,6.7,8.23,6.44,9.31,7.88,10,6.32,6.92,7.74,7,8.27,10,10,10,10,5.57,4.8,6.13,10,10,1,6.25,4.69,8.89,9.68,4.67,5,8.63,6.93,7.72
2017,CZE,Czech Rep.,7.75,22,3.31,5.23,10,9,4,6.5,8.25,6.66,5.89,3.29,6.1,10,8.33,3.3,8.17,6.38,7.53,0.95,6.4,7.83,9.77,9.51,10,9.28,9,8.98,6.7,8.23,6.85,9.96,8.4,10,7.95,3.08,7.74,6.26,8.22,10,10,10,10,8.9,3.9,8.01,10,7.76,10,8.09,2.83,8,9.21,4.4,6.91,7.42,6.46,8.19
2017,DEU,Germany,7.82,20,3.85,3.08,10,5,5,5,8.92,6.17,7.4,6.96,7.58,10,8.33,5.83,6.81,7.2,6.64,1,7.42,8.26,9.88,9.7,10,9.46,9,8.98,6.7,8.23,6.83,9.18,8,10,6.94,3.08,7.74,5.92,8.04,5,10,10,8.33,8.9,6.17,5.84,8,6.26,10,7.53,6.34,9.33,9.57,7.1,8.86,7.56,8.13,8
2017,DNK,Denmark,7.89,13,1.55,4.53,8,3,2,2.5,6.96,4.71,8.57,6.07,8.19,10,10,5.39,9.73,7.82,6.92,1,8.08,9.84,9.74,9.77,10,9.84,9,8.98,6.7,8.23,6.58,9.96,8.27,10,7.45,6.92,7.74,7.37,8.47,10,10,10,10,10,6.89,5.71,8,10,3,7.27,4.27,6.89,9.84,7.72,9.87,8.52,7.85,8.37
2017,DOM,Dominican Republic,6.92,77,7.37,9.66,0,9,7,8,7.13,6.43,2.27,3.03,5.02,5,4.17,3.53,8.03,2.68,3.25,1,4.11,9.18,9.5,9.34,10,9.51,8.77,8.54,6.47,7.92,5.19,8.87,7.03,10,6.54,3.85,10,6.79,7.94,5,10,10,8.33,5.57,3.7,6.08,8,2.78,10,6.02,3.12,4.67,9.22,2.22,7.55,6.45,5.54,6.63
2017,DZA,Algeria,4.77,159,2.71,7.82,0,7,2,4.5,2.86,3.58,4.26,4.32,4.8,4.17,5,4.39,6.63,6.1,6.74,0.83,4.73,6.99,8.5,8.88,5,7.34,8.48,6.24,5.94,6.89,4.77,0.47,2.62,0,3.66,0,1.11,1.59,2.77,0,5.3,10,5.1,5.57,4.14,6.05,6,7.76,3,5.42,3.72,1.78,9.32,3.77,8.69,7.03,5.72,5.41
2017,ECU,Ecuador,6.28,118,6.01,9.59,6,6,4,5,5.98,6.52,1.35,2.18,3.95,2.5,4.17,4.87,8.59,4.74,4.55,0.95,4,9.26,9.15,9.92,5,8.33,6.53,7.56,4.92,6.34,3.24,5.24,4.24,10,3.42,3.08,10,5.5,6.52,8,7.71,10,8.57,4.43,2.38,6.41,6,0.65,10,4.98,2.14,3.11,8.22,2.61,8.76,2.56,4.57,6.04
2017,EGY,Egypt,5.05,155,8.74,7.07,0,9,5,7,1.5,4.86,6.91,4.32,5.46,1.67,5,3.41,8.2,6.32,5.67,0.55,4.04,6.55,7.45,4.1,5,5.77,8.28,6.18,0,4.82,5.39,2.02,3.7,10,4.3,4.62,5.2,4.71,5.81,2,0,9,3.67,10,4.8,6.38,8,0.65,0,4.97,3.69,2.89,9.21,4.76,8.09,5.61,5.71,4.78
2017,ESP,Spain,7.55,36,4.64,4.77,10,4,4,4,7.03,6.09,5.22,3.82,5.94,8.33,8.33,5.58,7.75,8.64,7.23,1,6.76,8.22,9.76,9.61,10,9.4,9,8.98,6.7,8.23,6.29,9.96,8.13,10,6.76,3.08,7.74,5.86,8.05,10,7.97,10,9.32,3.9,3.48,6.41,8,5.07,10,6.14,2.9,7.56,9.52,4.68,8.51,8.35,6.92,7.46
2017,EST,Estonia,7.89,13,3.42,6.05,7,10,4,7,7.47,6.19,7.64,5.36,7.33,8.33,6.67,5.7,9.5,8.31,7.71,1,7.4,8.31,9.46,9.32,10,9.27,9,8.98,6.7,8.23,7,9.92,8.46,10,7.82,5.38,7.74,6.98,8.42,10,9.86,10,9.95,6.67,5.89,8.62,4,9.25,3,6.24,5.09,10,9.83,6.85,9.24,9.44,8.41,8.2
2017,ETH,Ethiopia,5.72,143,6.98,9.11,4,7,3,5,2.8,5.58,4.47,4.3,5.34,1.67,7.5,5.55,7.04,5.02,5.69,0.8,4.66,9.02,8.9,8.03,0,6.49,3.17,6.52,5.34,5.01,4.7,3.28,3.99,10,4.38,0,0.22,1.53,5.13,2,9.22,10,7.07,6.67,4.47,5.54,10,7.04,10,7.29,4.63,2.44,8.42,4.03,8.71,6.64,5.81,6.72
2017,FIN,Finland,7.8,21,3.03,3.64,8,3,2,2.5,6.38,4.71,9.6,7.97,9.28,10,10,5.83,7.8,9.68,8.91,1,8.78,8.06,9.72,9.85,10,9.41,9,8.98,6.7,8.23,7.86,9.12,8.49,10,7.66,3.08,7.74,6.16,8.22,10,9.7,10,9.9,3.9,4.18,2.24,8,10,3,5.22,6.14,8.22,9.43,8.62,9.86,8.99,8.54,7.89
2017,FJI,Fiji,6.74,90,4.69,9.06,6,5,5,5,5.1,5.97,3.13,5.1,4.5,8.4,,4.88,7.71,,,0.9,5.34,9.33,9.37,9.33,0,7.01,6.33,7.78,0,4.7,5.59,6.42,6.01,10,,0,10,5,6.43,10,9.29,10,9.76,8.9,,,10,8.27,10,9.29,,6.67,8.55,,8.62,7.23,7.77,8.94
2017,FRA,France,7.35,50,2.84,2.3,8,5,2,3.5,7.44,4.82,7.11,5.57,7.51,8.33,8.33,6.43,6.81,7.78,6.54,0.95,6.99,8.16,9.94,9.79,10,9.48,9,8.98,6.7,8.23,5.35,9.96,7.66,10,7.18,5.38,7.74,6.77,8.16,8,8.82,10,8.94,2.23,2.6,6.71,4,8.13,10,5.61,3.04,8.89,9.88,6.29,7.93,8.44,7.41,7.32
2017,GAB,Gabon,5.88,138,4.48,9.81,10,5,2,3.5,3.68,6.29,,4.4,5.15,3.33,5,2.92,4.29,6.45,5.93,0.8,4.21,7.19,7.82,9.47,0,6.12,,6.46,6.11,6.28,5.58,3.57,4.57,10,6.6,1.54,0.22,2.79,5.91,5,9.33,10,8.11,7.23,5.8,6.02,8,8.5,10,7.59,4.44,2.67,8.94,3.69,6.42,2.92,4.84,6.85
2017,GBR,United Kingdom,8.09,7,5.33,5.48,8,6,2,4,8.24,6.21,8.56,6.98,8.72,10,8.33,4.39,8.02,8.31,6.68,1,7.78,9.47,9.71,9.49,10,9.67,9,8.98,6.7,8.23,6.98,9.31,8.15,10,8.29,4.62,9.07,7.33,8.43,8,8.63,10,8.88,8.9,6.9,7.96,8,8.53,10,8.38,5.02,6.44,9.86,7.17,9.52,8.82,7.8,8.35
2017,GEO,Georgia,7.94,12,5.42,6.91,8,10,10,10,7.59,7.58,4.27,4.1,6.19,5.3,,6.8,9.98,7.02,7.03,1,6.34,7.86,8.91,8.79,10,8.89,9.89,9.7,8.29,9.29,6.52,9.57,8.05,10,6.42,6.92,9.51,7.62,8.74,10,9.64,10,9.88,6.67,5.76,7.19,8,9.25,3,6.64,6.13,8.44,9.91,5.62,9.89,7.53,7.92,8.15
2017,GHA,Ghana,6.58,103,8.49,9.64,6,9,5,7,8.9,8.01,5.95,5.42,5.6,5,4.17,3.72,7.11,6.19,5.56,0.93,5.23,7.21,8.79,7.53,0,5.88,7.29,7.6,6.98,7.29,5.63,3.97,4.8,10,6.43,3.85,2.54,4.27,6.59,8,7.19,10,8.4,10,5.79,6.02,8,0,10,6.64,4.7,5.78,9.38,3.54,8.14,7.49,6.5,7.18
2017,GIN,Guinea,5.86,139,6.96,,6,5,3,4,4.64,5.4,2.5,2.76,5.88,0.83,4.17,5.39,6.6,1.97,4.08,0.7,3.24,9.09,8.8,8.22,5,7.78,,7.58,7.05,7.31,4.54,1.9,3.22,10,6.39,0.83,2.32,3.18,5.93,,10,10,10,5.57,4.82,7.51,6,8.13,0,5.34,4.18,2.44,9.1,3.21,8.45,5.52,5.48,6.94
2017,GMB,"Gambia, The",7.23,60,8.32,9.58,4,8,8,8,6.24,7.23,4.82,4.92,5.56,3.33,5.83,5.09,6.25,7.28,6.94,0.95,5.43,9.05,9.46,8.39,10,9.22,5.24,7.56,7.02,6.61,5.28,4.8,5.04,8.89,7.02,7.69,10,8.24,7.19,10,2.51,9,7.17,10,4.56,7.1,10,5.51,10,7.86,5.68,3.33,7.93,5,8.57,6.35,6.14,7.06
2017,GNB,Guinea-Bissau,5.23,151,8.85,,0,10,4,7,4.31,5.04,1.72,3,0,3.33,4.17,3.3,7.32,,,0.75,2.85,7.47,7.89,9.73,0,6.27,,7.56,7.02,7.29,8.03,4.33,6.18,10,,0.77,1.55,1.16,6.16,10,7.6,4,7.2,3.33,,,8,2.52,0,3.46,,2.67,8.75,,8.54,7.56,6.88,5.85
2017,GRC,Greece,6.59,102,5.19,3.99,4,4,0,2,6.77,4.39,4.53,2.16,4.79,8.33,7.5,4.13,8.04,5.49,6.57,1,5.73,7.63,9.5,9.78,5,7.98,9,8.98,6.7,8.23,6.5,9.42,7.96,10,5.02,0.77,7.74,4.51,7.68,10,10,10,10,5.57,4.16,5.66,6,5.51,3,4.98,2.21,6.67,9.58,3.89,8.91,7.84,6.52,7.17
2017,GTM,Guatemala,7.57,34,8.79,9.87,10,10,9,9.5,9.04,9.44,4.11,2.99,5.04,6.67,4.17,3.39,8.33,3.14,2.56,0.93,4.33,9.19,9.88,9.12,10,9.55,9.29,8.88,7.51,8.56,5.76,6.62,6.19,10,6.42,6.92,8.74,7.36,8.03,10,8.88,10,9.63,3.33,4.98,7.08,4,1.27,3,3.94,3.22,5.33,9.33,3.4,7.16,7.22,5.94,6.5
2017,GUY,Guyana,6.32,117,5.79,,6,5,5,5,6.11,5.72,3.86,5,4.53,6.67,2.5,4.45,7.64,5.8,4.38,0.93,4.8,9.96,8.92,9.62,5,8.37,,7.82,5.12,6.47,5.23,1.45,3.34,10,5.66,5.83,4.54,5.34,6.29,10,0,9,6.33,8.9,5.76,6.48,4,7.41,10,7.09,3.21,4.44,9.32,3.12,7.52,7.13,5.79,6.41
2017,HKG,Hong Kong,8.91,1,7.99,9.36,7,10,10,10,6.61,8.19,8.56,7.58,8.62,8.33,8.33,6.13,6.95,8.88,7.98,1,7.93,9.15,9.69,9.7,10,9.63,9.99,10,10,10,8.1,9.66,8.88,10,8.46,6.92,10,8.46,9.33,10,10,10,10,10,8,8.7,10,9.5,10,9.37,7.14,9.56,9.94,7.67,9.74,9.61,8.94,9.44
2017,HND,Honduras,7.16,63,7.31,10,8,9,9,9,9.88,8.84,3.01,3.11,4.89,4.17,3.33,2.86,7.58,3.05,2.16,0.95,3.7,8.04,9.24,9.21,10,9.12,9.53,8.86,6.85,8.41,5.16,4.54,4.85,10,5.94,2.31,8.63,5.63,7.22,10,9.63,9,9.54,0,4.49,5.78,8,2.52,10,5.13,2.76,4.44,9.16,3.18,9.37,7.49,6.07,6.91
2017,HRV,Croatia,7.26,56,4.3,4.3,10,5,1,3,6.99,5.72,2.86,1.66,4.32,8.33,7.5,4.64,7.8,5.87,7.24,1,5.58,8.65,9.78,9.77,10,9.55,9.91,8.98,6.7,8.53,6.7,9.96,8.33,10,5.39,4.62,7.63,5.88,8.18,8,10,10,9.33,5.57,2.6,6.52,6,7.51,10,6.36,1.45,6.89,9.17,3.27,8.52,7.69,6.16,7.29
2017,HTI,Haiti,6.49,110,9.07,9.92,7,8,,8,8.53,8.5,2.19,2.5,2.73,0,2.5,3.88,2.76,3.45,3.63,0.9,2.5,7.91,8.35,7.07,5,7.08,,8.24,5.78,7.01,4.95,7.26,6.11,10,4.2,6.15,10,6.78,7.47,8,7.48,9,8.16,6.67,4.69,6.27,10,10,10,7.94,2.73,0.22,4.75,2.02,9.28,7.94,4.49,6.86
2017,HUN,Hungary,7.27,54,3.29,5.66,6,10,4,7,5,5.39,3.52,2.78,4.27,10,6.67,4.99,8.03,5.77,7.63,1,5.96,9.91,9.53,9.53,10,9.74,9,8.98,6.7,8.23,5.43,9.96,7.7,10,6.27,3.85,7.74,5.95,7.97,8,9.14,9,8.71,7.23,5.59,6.38,4,7.76,10,6.83,3.33,6.89,9.59,3.42,7.78,6.9,6.32,7.29
2017,IDN,Indonesia,7.27,54,7.73,9.66,10,8,7,7.5,6.67,8.31,5.64,5.03,6.16,4.17,4.17,3.32,6.72,5.56,5.28,0.93,4.94,9.94,9.56,9.24,10,9.68,9.53,8.38,5.76,7.89,5.51,3.9,4.7,10,5.75,1.54,8.3,5.19,6.95,5,9.61,10,8.2,1.1,5.84,6.19,10,0,5,4.69,5.15,4.67,9.33,4.83,7.46,7.67,6.52,6.47
2017,IND,India,6.91,79,7.02,8.98,10,8,8,8,7.08,8.22,5.83,5.8,5.98,6.67,7.5,3.12,5.95,5.98,5.64,0.78,5.17,9.72,9.26,9.5,5,8.37,7.93,7.24,3.27,6.15,5.87,6.36,6.12,10,5.84,0,0.33,2.06,6.08,2,7.65,10,6.55,7.22,5.99,5.94,5,6.3,10,6.74,5.72,3.78,9.32,5.57,9.36,6.91,6.78,6.69
2017,IRL,Ireland,8.13,6,3.68,7.28,10,5,2,3.5,9.14,6.72,8.57,5.21,8.19,10,10,3.93,7.27,7.89,6.55,1,7.51,8.77,9.18,9.93,10,9.47,9,8.98,6.7,8.23,6.62,9.08,7.85,10,8.01,7.69,8.85,8.18,8.56,8,9.93,10,9.31,8.9,5.03,7.14,10,6.37,10,7.91,5,8,9.84,7.27,8.47,9.08,7.94,8.39
2017,IRN,Iran,5.72,143,5.29,7.99,4,7,7,7,3.03,5.46,4.26,3.59,4.77,7.5,6.67,5.49,7.54,5.59,5.73,0.61,4.58,8.42,3.67,9.96,10,8.01,7.52,4.68,0,4.07,4.94,4.39,4.66,9.3,3.77,0.83,0.44,1.68,4.93,0,9.22,10,6.41,7.77,4.47,5.31,8,2.52,1,4.84,3.61,1.33,7.67,4.29,8.79,7.58,5.54,5.6
2017,IRQ,Iraq,5.21,153,4.26,8.3,0,10,8,9,3.65,5.04,,2.7,,0,2.5,4.84,6.74,,,0.66,2.78,6,4.56,8,10,7.14,9.73,,,9.73,6.7,0.46,3.58,7.71,,2.31,0,1.15,5.54,,4.06,5,4.53,2.23,,,6,6.55,10,6.19,,0,8.69,,8.2,6.5,5.85,5.52
2017,ISL,Iceland,7.74,23,2.47,7.99,8,4,3,3.5,7.1,5.81,7.81,6.79,8.11,10,10,6.78,8.75,8.96,8.21,1,8.38,9.32,9.16,9.65,10,9.53,9.89,9.2,2.02,7.03,5.26,8.77,7.01,10,4.44,3.08,7.74,5.09,7.28,2,10,10,7.33,5.57,7.28,4.92,8,10,10,7.63,5.2,8.22,9.59,7.45,9.55,8.43,8.07,7.68
2017,ISR,Israel,7.53,38,3.19,6.57,10,5,5,5,7.57,6.47,8.23,5.64,7.53,4.17,8.33,3.46,6.93,6.89,6.71,0.93,6.2,7.99,9.59,9.95,10,9.38,9.69,9.24,6.82,8.59,5.96,7.33,6.65,10,6.97,6.15,9.85,7.66,8.22,10,8.74,10,9.58,8.9,5.81,7.08,8,2.52,0,5.38,4.45,8.22,9.59,6.12,7.54,7.32,7.21,7.39
2017,ITA,Italy,7.41,46,4.89,3.54,10,4,1,2.5,9.65,6.12,5.09,2.01,5.39,10,6.67,3.6,8.25,5.98,5.06,1,5.78,7.95,9.88,9.75,10,9.4,9,8.98,6.7,8.23,6.38,9.96,8.17,10,5.05,6.92,7.74,6.57,8.24,10,8.81,10,9.6,5.57,3.24,4.05,8,10,10,6.81,1.85,7.33,9.66,3.79,7.2,7.33,6.2,7.54
2017,JAM,Jamaica,7.17,61,7.47,8.38,7,8,5,6.5,7.96,7.46,6.38,4.11,5.93,10,3.33,3.27,6.42,4.51,2.87,0.95,5.07,5.4,9.45,9.12,10,8.49,1.31,8.3,5.51,5.04,6.54,5.69,6.12,10,7.03,1.54,10,6.19,6.84,10,9.67,9,9.56,8.9,5.02,7.17,10,6.55,10,7.94,3.67,5.56,9.86,4.04,8.61,6.95,6.45,7.98
2017,JOR,Jordan,7.44,43,5.84,8.22,10,10,5,7.5,6.2,7.55,6.59,5.14,6.46,6.67,5.83,3.73,6.72,8.15,6.5,0.55,4.81,9.35,9.28,9.34,10,9.49,9.15,8.02,3.98,7.05,5.02,6.73,5.87,10,5.58,6.15,10,7.25,7.54,10,6.16,10,8.72,7.77,5.24,7.09,6,10,10,7.68,4.23,4.44,9.35,5.33,9.82,8.58,6.96,7.79
2017,JPN,Japan,7.86,17,4.07,4.16,8,3,3,3,9.43,5.73,8.43,6.54,8.41,8.33,8.33,6.33,7.85,8.61,7.38,0.95,7.62,8.64,9.54,9.91,10,9.52,9.63,9.2,4.14,7.66,6.09,8.89,7.49,10,7.23,8.46,7.08,7.59,8.18,8,8.08,10,8.69,8.9,3.93,7.96,8,10,10,8.13,4.65,9.33,9.57,7.44,8.06,8.55,7.93,8.25
2017,KAZ,Kazakhstan,7.1,68,6.69,8.63,6,10,8,9,4.77,7.02,4.49,4.2,5.17,8.33,5.83,6.34,9.9,5.22,6.91,0.69,5.3,8.82,8.25,8.51,10,8.89,6.99,8.7,7.32,7.67,5.81,5.76,5.78,10,5.07,2.31,1.66,3.01,6.62,8,8.8,10,8.93,10,5.12,6.07,10,9.25,3,7.24,4.44,6,9.84,4.04,9.26,7.96,6.92,7.7
2017,KEN,Kenya,7.05,70,7.58,8.85,6,8,8,8,6.74,7.43,5.47,4.82,6.03,5.83,5,4.42,7.1,5.2,3.46,0.98,5.2,9.14,9.36,8.4,10,9.23,7.53,7.44,5.19,6.72,5.35,5.68,5.52,10,6.09,3.85,3.76,4.56,6.7,10,0,10,6.67,6.67,5.51,6.44,8,6.3,10,7.15,5.02,3.78,9,3.57,8.32,7.99,6.28,6.7
2017,KGZ,Kyrgyz Republic,6.92,77,6.58,7.22,6,10,7,8.5,6.84,7.03,3.5,3.34,4.23,5.2,,4.52,9.87,4.13,5.56,0.69,4.26,8.64,9.06,9.36,10,9.27,7.93,8.68,7.68,8.1,5.05,7.83,6.44,10,4.45,1.54,8.74,4.91,7.36,8,9.13,8,8.38,5,4.47,6.12,10,7.76,1,5.72,3.81,3.11,9.66,3.03,8.6,7.48,5.95,6.68
2017,KHM,Cambodia,7.44,43,9.84,9.61,8,10,10,10,7.97,9.08,2.6,3.17,4.86,6.8,,1.82,7.55,3.51,5.08,1,4.43,8.27,9.63,9.42,10,9.33,8.71,7.78,6.45,7.65,5.31,3.99,4.65,10,5.78,5.38,10,7.05,7.34,,10,9,9.5,6.67,5.33,5.78,10,6.3,5,6.51,4.15,4.22,6.08,3.25,4.99,8.06,5.13,7.05
2017,KOR,"Korea, South",7.59,33,4.65,7.08,10,7,5,6,7.44,7.04,4.82,4.52,6.71,6.67,8.33,7.51,8.22,7.29,6.32,0.93,6.47,9.11,9.69,9.61,10,9.6,9.57,7.26,0,5.61,5.52,9.59,7.55,10,5.47,6.15,10,7.21,7.59,8,10,10,9.33,5.57,4.31,6.64,10,2.52,0,4.84,3.66,9.78,9.72,4.64,9.99,7.89,7.61,7.26
2017,KWT,Kuwait,6.41,114,0.99,6.9,4,10,10,10,4.23,5.22,6.04,5.05,6,8.33,6.67,5.07,9.17,6.74,6.74,0.5,4.98,9.54,4.31,9.57,10,8.35,9.38,9.06,7.71,8.72,5.29,3.59,4.44,10,3.13,2.31,6.2,3.88,6.76,10,10,7,9,10,4.87,6.27,4,4.39,3,5.42,4.02,1.56,8.84,4,7.15,8.9,5.74,6.72
2017,LAO,Laos,6.67,95,6.91,9.89,4,9,9,9,1.55,6.27,4.72,4.54,4.83,7.5,,3.08,8.45,5.34,6.39,1,5.61,6.1,8.57,9.83,5,7.38,9.02,8.3,7.35,8.22,5.39,7.44,6.42,10,5.07,1.54,10,5.54,7.54,,8.25,10,9.13,5.57,4.63,6.69,10,1.02,1,4.82,4.7,2.44,6.6,4.84,9.41,5.94,5.66,6.53
2017,LBN,Lebanon,6.97,75,8.21,8.02,10,10,8,9,6.55,8.36,3.43,2.92,5.29,3.33,6.67,3.16,7.33,4.29,4.51,0.69,3.84,9.76,9.36,9.14,10,9.56,9.1,8.8,5.01,7.64,5.04,3.12,4.08,10,5.04,1.54,9.29,5.29,6.75,10,0,10,6.67,5.57,4.92,6.51,8,10,10,7.5,3.24,0.44,8.97,2.39,6.39,7.97,4.9,6.36
2017,LBR,Liberia,6.56,105,8.67,8.64,4,9,7,8,6.65,7.19,3.96,4.01,4.63,5,3.33,2.87,4.63,4.38,5.16,1,4.22,9.68,8.94,7.52,10,9.03,6.43,7.96,7.02,7.14,4.67,0,2.33,10,5.78,8.46,1.77,5.34,6.2,8,0,9,5.67,6.67,4.55,5.91,8,3.09,10,6.37,4.62,3.33,9.29,3.82,9.43,8.44,6.49,6.17
2017,LBY,Libya,4.45,161,0,,0,10,9,9.5,5.12,3.65,3.4,2.4,3.28,5,6.67,3.62,,4.66,2.45,0.82,3.58,7.12,4.57,4.3,10,6.5,,,,,5.75,4.26,5.01,0,5.01,0.77,0.33,2.04,2.35,,10,7,8.5,7.23,4.35,6.7,8,4.39,10,6.78,4.27,0,8.55,3.13,,0.03,3.2,6.16
2017,LKA,Sri Lanka,6.57,104,8.22,9.32,7,9,8,8.5,5.12,7.63,4.75,3.74,5.04,5,5.83,3.61,7.55,5.05,5.85,0.9,4.91,8.04,8.82,8.46,5,7.58,6.35,8.14,4.31,6.27,5.24,,5.24,10,5.4,0,0,1.8,5.83,5,7.74,10,7.58,10,4.07,6.66,8,0,10,6.45,3.41,5.56,9.61,3.47,9.5,8.55,6.68,6.91
2017,LSO,Lesotho,6.5,109,2.74,9.15,0,8,8,8,7.94,5.56,4.52,4.13,4.29,5.6,,3.93,6.56,7.55,8.96,0.88,5.35,8.79,8.21,8.94,5,7.73,2.48,8.48,5.65,5.54,3.52,9.8,6.66,10,4.16,1.54,5.09,3.6,6.45,10,10,9,9.67,6.67,4.17,4.31,8,6.55,10,6.62,4.72,4.44,9,3.12,7.91,6.33,5.92,7.4
2017,LTU,Lithuania,7.88,16,5.74,6.41,8,10,4,7,9.79,7.39,5.4,3.81,5.67,8.33,6.67,6.24,9.67,6.46,6.76,1,6.56,8.23,9.38,9.26,10,9.22,9,8.98,6.7,8.23,5.69,9.77,7.73,10,5.85,6.92,7.74,6.84,8.2,10,10,9,9.67,8.33,4.04,8.28,8,8.5,3,6.69,3.35,10,9.76,4.88,9.71,8.89,7.77,8.04
2017,LUX,Luxembourg,7.86,17,1.39,4.29,7,6,6,6,8.46,5.43,8.69,7.25,8.76,10,10,7.46,6.18,8.61,8.09,1,8.34,8.39,9.41,9.65,10,9.36,9,8.98,6.7,8.23,6.79,9.96,8.38,10,8.27,3.85,7.74,6.62,8.31,8,10,10,9.33,2.23,4.69,6.83,6,8.5,10,6.38,5.63,7.11,9.39,7.78,8.36,9.38,7.94,7.88
2017,LVA,Latvia,7.73,24,5.09,6.24,7,9,4,6.5,9.06,6.78,4.43,2.9,5.38,8.33,8.33,5.53,9.03,5.66,7.01,1,6.29,8.17,9.53,9.41,10,9.28,9,8.98,6.7,8.23,6.86,9.42,8.14,10,6.58,6.92,7.74,7.08,8.36,10,9.72,8,9.24,5,4.18,8.31,10,7.76,10,7.54,3.48,9.11,9.81,3.99,7.79,8.11,7.05,7.94
2017,MAR,Morocco,6.69,92,4.53,7.29,8,5,3,4,7.29,6.22,4.73,4.61,6.37,6.67,6.67,5.01,7.51,7.58,6.93,0.79,5.56,9.58,9.73,9.85,0,7.29,9.32,7.72,3.48,6.84,5.19,7.84,6.52,10,6.72,0.77,7.41,4.97,7.08,8,8.43,10,8.81,1.1,3.95,7.36,8,5.29,10,5.95,4.95,5.78,9.67,4.26,9.48,8.26,7.07,7.27
2017,MDA,Moldova,6.66,97,7.31,6.82,6,10,4,7,4.77,6.38,1.97,2.54,4.11,6.67,6.67,4.32,9.53,4.17,6.24,0.69,4.34,9.71,9.19,8.69,5,8.15,9.37,8.94,7.84,8.72,5.5,8.79,7.15,10,4.85,0.77,6.53,4.05,7.48,10,8.55,10,9.52,4.43,4.13,6.02,6,6.79,3,5.06,3.27,7.11,9.82,2.65,6.41,7.97,6.21,6.93
2017,MDG,Madagascar,6.14,126,8.14,9.04,4,10,7,8.5,8.23,7.58,2.28,4,3.57,1.67,4.17,2.96,5.12,5.25,3.8,0.64,2.98,7.69,9.49,8.34,5,7.63,8.43,7.68,7.26,7.79,1.95,5.07,3.51,10,5.35,0.77,10,5.37,6.67,10,7.17,5,7.39,0,3.84,6.18,8,7.12,1,4.36,3.41,3.33,9.4,2.53,7.84,7.95,5.74,5.83
2017,MEX,Mexico,6.93,76,7.29,6.35,10,8,8,8,7.85,7.9,3.15,3.04,5.05,5,2.5,6.09,7.64,2.38,2.81,1,4.18,8.46,9.31,8.79,5,7.89,9.79,8.62,5.92,8.11,5.87,8.47,7.17,10,7.03,1.54,7.3,5.29,7.64,8,9.41,10,9.14,6.67,4.03,6.91,8,4.82,3,5.57,2.81,6.89,9.59,2.64,9.37,7.3,6.43,7.05
2017,MKD,Macedonia (North Macedonia),7.02,73,6.34,4.55,7,10,7,8.5,7.32,6.74,2.23,2.1,4.11,5.6,,3.94,8.38,4.13,5.7,0.9,4.31,8.55,9.28,9.73,5,8.14,9.57,8.64,6.55,8.25,5.22,9.6,7.41,10,6.08,3.08,8.52,5.89,7.89,10,9.12,10,9.71,6.1,4.46,5.55,8,7.76,10,6.98,3.13,8.44,9.54,5.05,9.43,8.67,7.38,8.02
2017,MLI,Mali,5.91,136,6.45,9.89,2,5,1,3,7.21,5.71,3.69,3.91,4.3,4.17,5,2.63,5.8,3.67,3.82,0.68,3.46,9.91,9.65,9.65,0,7.3,8.03,7.56,7.02,7.54,4.46,5.31,4.88,10,4.41,0.77,10,5.06,6.87,10,8.11,5,7.7,4.43,4.96,5.14,8,7.57,0,5.02,4.05,3.33,9.03,2.9,8.89,6.97,5.86,6.2
2017,MLT,Malta,7.97,11,4.32,7.01,10,7,7,7,,7.08,5.52,4.56,6.87,10,8.33,5.35,5.31,5.92,7.55,0.95,6.45,8.6,9.87,9.73,10,9.55,9,8.98,6.7,8.23,7.04,9.36,8.2,10,7.09,6.92,7.74,7.25,8.42,10,10,10,10,7.23,5.1,7.76,8,10,10,8.02,4.64,6.89,9.41,4.55,8.14,8.44,7.01,8.34
2017,MMR,Myanmar,5.63,148,3.8,9.94,7,9,9,9,4.3,6.81,2.7,3.9,3.41,2.5,5,1.87,7.05,,3.94,0.9,3.61,8.14,9.45,9.09,0,6.67,9.25,8.7,7.35,8.43,,0.89,0.89,10,3.85,0.77,0,1.54,5.21,0,8.04,10,6.01,7.77,,,8,4.01,0,4.95,,5.33,9.29,2.18,9.36,6.84,6.6,5.85
2017,MNE,Montenegro,6.84,83,5.94,,4,10,4,7,6.79,5.93,4.52,4.28,5.18,6.3,,4.8,7.64,5.18,5.89,0.79,4.89,8.82,9.26,9.52,5,8.15,7.8,9.24,7.92,8.32,5.79,9.23,7.51,10,5.59,6.92,8.08,6.86,8.17,10,0,10,6.67,6.67,4.7,6.85,10,7.76,10,7.66,4.57,7.11,9.6,4.33,8.42,6.64,6.78,7.04
2017,MNG,Mongolia,7.43,45,5.79,7.59,10,10,8,9,6.92,7.86,3.14,3.65,4.37,8.33,6.67,6.25,9.11,5.28,6.74,0.95,5.81,8.72,8.49,9.19,10,9.1,8.79,8.96,9.08,8.95,5.01,2.59,3.8,10,4.57,5.38,2.54,4.17,6.73,,8.9,10,9.45,10,4.5,8.08,6,9.25,3,6.81,3.51,6.67,9.63,2.91,8.68,8.5,6.65,7.63
2017,MOZ,Mozambique,5.6,149,3.82,9.53,2,7,5,6,5.77,5.43,2.86,2.77,4.32,6.67,5,1.76,7.48,2.95,3.99,0.95,4.1,7.66,8.12,6.98,5,6.94,9.12,7.98,7.05,8.05,4.36,7.4,5.88,10,5.57,0,0.89,2.15,6.52,10,0,9,6.33,3.33,3.8,5.28,6,0,0,3.07,3.51,2.44,8.19,2.72,8.98,7.76,5.6,5
2017,MRT,Mauritania,6.11,128,3.5,,7,6,6,6,6.95,5.86,2.48,1.94,2.34,4.7,,6.27,7.59,5.74,5.68,0.61,3.71,9.49,8.16,9.55,5,8.05,,7.6,7.17,7.38,2.63,5.56,4.09,10,3.53,3.33,1,2.62,6.02,10,8.52,9,9.17,4.43,3.65,6.1,8,7.94,5,5.85,2.98,2.44,9.64,2.74,9.22,6.97,5.66,6.9
2017,MUS,Mauritius,8.07,9,6.81,8.48,7,10,8,9,8.95,8.05,6.68,5.71,6.69,9,,5.25,9.48,5.99,6.78,0.98,6.86,8.83,9.66,9.27,10,9.44,9.82,9.86,8.79,9.49,6.2,8.54,7.37,10,6.51,4.62,10,7.04,8.48,8,7.52,10,8.51,6.67,5.64,6.17,10,0,10,6.41,4.42,8.89,9.83,4.82,9.32,8.3,7.6,7.5
2017,MWI,Malawi,6.06,131,7.48,9.82,0,7,4,5.5,6.93,5.95,4.98,3.64,5.05,5.83,4.17,2.33,8.59,4.7,4.42,0.95,4.74,7.2,8.02,7.69,5,6.98,8.45,7.52,5.83,7.27,5.71,5.02,5.37,8.96,6.01,1.54,7.08,4.88,6.62,10,0,6,5.33,4.43,4.41,6.61,10,5.68,10,6.86,4.36,3.11,8.41,2.81,8.41,8.01,5.85,6.01
2017,MYS,Malaysia,7.34,52,6.46,8.86,4,9,9,9,3.9,6.44,6.38,6.56,7.46,8.33,6.67,4.96,8.63,7.53,6.35,0.6,5.57,4.39,9.32,9.23,10,8.23,9.85,8.86,4.62,7.78,6.58,8.53,7.55,10,6.68,0.77,10,5.82,7.79,10,8.92,10,9.64,10,6.54,7.45,10,4.24,10,8.04,6.53,10,9.45,6.02,10,7.89,8.32,8.67
2017,NAM,Namibia,6.53,106,4.03,8.75,4,6,6,6,5.77,5.71,7.12,5.78,7.01,10,8.33,4.82,4.63,5.52,4.76,0.98,6.36,8.55,8.52,8.77,0,6.46,4.53,8.48,5.65,6.22,5.7,5.27,5.49,10,6.15,0.77,5.75,4.22,6.48,10,6.45,10,8.82,10,4.54,6.32,10,8.27,10,8.19,4.82,4,7.78,4.25,8.31,6.61,5.96,7.66
2017,NER,Niger,5.83,142,6.14,9.84,4,7,3,5,6.22,6.24,5.35,4.4,4.1,3.33,3.33,4.4,7.26,,,0.63,3.74,9.36,9.52,9.44,0,7.08,3.82,7.56,7.02,6.13,5.05,4.37,4.71,10,,0.77,2.1,1.44,5.57,10,7.89,5,7.63,1.67,,,8,7.38,0,4.26,,4.89,9.65,,9.41,6.97,7.73,6.54
2017,NGA,Nigeria,6.86,81,10,9.87,10,9,5,7,6.08,8.59,3.96,2.94,4.58,3.33,3.33,4.85,4.8,3.19,3.44,0.74,3.32,8.96,8.63,6.7,10,8.57,,7.58,6.9,7.24,6.13,0,3.06,9.36,6.52,5.38,1.99,4.63,6.08,10,6.97,10,8.99,10,6.15,7.42,10,10,10,8.93,2.89,2,9.33,2.37,9.25,6.18,5.34,7.75
2017,NIC,Nicaragua,7.01,74,6.5,10,6,8,4,6,4.72,6.64,1.02,1.89,4.21,4.17,5.83,5.14,6.97,5.19,6.44,0.95,4.43,8.26,9.09,9.23,10,9.15,9.55,8.86,7.04,8.48,4.96,6.07,5.51,10,6.26,5.38,10,7.22,7.8,10,9.36,9,9.45,6.67,5.14,5.73,2,6.26,10,5.97,3.27,4,8.88,2.52,7.24,7.75,5.61,7.01
2017,NLD,Netherlands,7.72,25,1.3,3.83,8,2,2,2,6.56,4.34,8.97,7.17,8.56,10,10,5.14,7.95,8.44,6.79,1,8.11,8.16,9.8,9.72,10,9.42,9,8.98,6.7,8.23,7.08,9.96,8.52,10,7.43,8.46,7.74,7.88,8.66,5,10,10,8.33,6.67,5.72,5.16,10,7.53,10,7.51,5.61,9.56,9.84,8.09,8.29,8.67,8.34,8.06
2017,NOR,Norway,7.62,32,1.49,4.64,7,6,3,4.5,7.01,4.93,8.81,6.52,8.27,10,10,6.85,9.12,8.56,8.2,1,8.48,9.61,8.97,9.62,10,9.55,9.89,8.76,0,6.22,5.57,9.85,7.71,10,6.65,4.62,7.74,6.34,7.57,10,10,8,9.33,7.23,4.27,4.66,6,10,0,5.36,4.92,7.78,9.85,7.71,9.12,9.11,8.08,7.59
2017,NPL,Nepal,6.49,110,7.97,9.21,7,7,7,7,4.91,7.22,4.53,3.6,5.24,4.5,,3.37,8.34,5.29,5.26,0.81,4.54,8.69,9.27,9.27,0,6.81,5,7.58,5.45,6.01,5.5,6.22,5.86,10,3.92,0,10,4.64,6.63,8,10,10,9.33,6.67,3.61,5.48,10,2.6,10,6.39,3.7,5.11,9.24,2.92,8.98,6.04,6,7.24
2017,NZL,New Zealand,8.5,3,5.05,6.37,8,7,7,7,6.75,6.64,9.21,7.3,8.6,10,9.17,7.18,9.95,8.88,7.23,1,8.61,9,9.4,9.63,10,9.51,8.81,9.6,8.96,9.12,7.51,8.74,8.13,10,6.91,6.92,7.74,7.19,8.61,10,10,10,10,8.9,5.95,7.79,10,10,10,8.77,5.56,9.78,9.98,8.6,9.4,8.43,8.63,9.13
2017,OMN,Oman,6.76,89,0.21,8.13,0,10,10,10,3.87,4.44,6.97,6.03,7.63,8.33,8.33,5.04,8.05,8.83,8.8,0.64,6.18,9.38,5.89,9.68,10,8.74,9.63,8.88,5.05,7.85,6.12,7.57,6.84,10,5.25,5.38,7.3,5.98,7.67,10,0.94,9,6.65,7.77,4.46,7.08,2,,10,6.26,5.21,6.22,9.75,5.95,8.11,9.24,7.41,6.77
2017,PAK,Pakistan,5.91,136,8.21,9.22,4,8,8,8,5.67,7.02,4.53,4.3,4.56,2.5,5,3.69,6.41,4.15,3.56,0.69,3.63,8.55,8.94,9.18,0,6.67,7.93,7.58,5.89,7.13,4.92,3.26,4.09,10,4.94,0.77,0.77,2.16,5.85,8,6.26,10,8.09,1.1,4.92,5.17,6,2.6,10,4.97,4.37,5.33,9.4,3.7,6.61,6.71,6.02,6.36
2017,PAN,Panama,7.66,31,6.48,8.56,10,9,4,6.5,7.8,7.87,2.82,3.2,6.06,8.33,5,2.69,8.79,5.49,5.26,0.95,5.17,9.67,9.47,9.82,10,9.74,8.94,8.64,5.92,7.83,6.21,8.9,7.55,10,7.7,10,10,9.23,8.65,8,9.33,10,9.11,2.23,3.81,5.95,4,4.13,10,5.02,4.13,6.67,9.75,3.66,9.2,5.43,6.47,6.87
2017,PER,Peru,7.49,42,6.67,9.62,7,8,3,5.5,8.86,7.53,3.16,2.51,4.42,7.5,5,5.08,8.77,2.67,3.47,1,4.73,9.85,9.59,9.44,10,9.72,9.7,9.52,8.43,9.22,5.77,5.77,5.77,10,6.57,8.46,8.96,8,8.24,8,8.56,9,8.52,3.9,2.99,7.72,10,7.04,10,6.94,2.28,7.78,9.11,3.13,7.87,7.09,6.21,7.22
2017,PHL,Philippines,7.32,53,7.84,9.1,10,7,7,7,7.49,8.29,3.79,3.39,5.58,3.33,4.17,3.12,7.93,3.69,4.3,0.93,4.21,9.23,9.43,9.43,10,9.52,7.31,8.74,7.28,7.78,5.88,5.1,5.49,10,5.39,0.77,10,5.39,7.16,8,9.68,10,9.23,7.77,4.84,6.53,10,2.52,10,6.94,3.27,4.67,8.79,2.83,8.93,7.97,6.07,7.41
2017,PNG,Pap. New Guinea,6.36,115,3.29,7.66,8,5,5,5,6.49,6.09,4.27,4.1,4.12,7.5,5,1.01,6.93,5.65,3.04,0.81,4.18,9.51,7.47,8.92,0,6.47,6.61,9.06,6.09,7.25,6.06,4.14,5.1,10,6.03,7.69,7.08,6.93,7.32,10,5.12,10,8.37,7.77,,,10,7.01,10,8.69,,3.56,8.47,3.2,7.38,7.72,6.07,7.71
2017,POL,Poland,7.24,59,4.95,5.36,7,7,1,4,6.86,5.63,3.34,2.88,5.01,10,5.83,4.12,9.28,5.09,6.42,1,5.78,9.47,9.73,9.58,10,9.7,9,8.98,6.7,8.23,5.82,9.96,7.89,10,6.26,2.31,7.74,5.44,7.89,5,8.49,10,7.83,5.57,3.91,7.46,8,7.76,10,7.12,3.02,8.67,8.66,4.69,8.42,6.26,6.62,7.19
2017,PRT,Portugal,7.52,39,5.51,4.94,10,4,1,2.5,8.03,6.2,6.45,3.14,6.35,10,8.33,3.95,7.41,7.9,8.05,1,6.84,8.04,9.8,9.73,10,9.39,9,8.98,6.7,8.23,7.39,9.96,8.68,10,7.09,4.62,7.74,6.48,8.35,5,7.21,10,7.4,2.23,3.51,6.38,6,7.04,10,5.86,3.38,8.67,9.77,5.56,8.31,7.28,7.16,6.81
2017,PRY,Paraguay,7.03,72,7.5,8.83,8,10,7,8.5,8.69,8.3,1.66,2.37,4.74,2.5,3.33,4.07,8.54,2.88,4.7,1,3.87,9.48,8.96,9.28,10,9.43,8.99,8.04,6.82,7.95,5.49,5.96,5.72,10,6.24,3.85,6.75,5.61,7.32,8,9.76,9,8.92,4.43,3.78,6.88,6,2.6,1,4.12,3.96,4.67,8.46,2.46,8.94,5.76,5.71,6.25
2017,QAT,Qatar,7.07,69,0,9.61,6,10,10,10,2.83,5.69,6.71,6.74,7.09,6.67,8.33,4.86,9.67,8.15,9.02,0.64,6.14,8.9,5.17,9.92,10,8.5,9.31,9.04,6.45,8.27,6.63,7.46,7.05,10,5.84,4.62,4.09,4.85,7.54,5,10,9,8,10,6.38,7.5,4,4.82,5,6.28,5.74,5.56,9.67,8.17,9.97,9.54,8.11,7.46
2017,ROU,Romania,7.68,28,6.03,6.88,8,10,4,7,7.05,6.99,5.15,3.51,6.01,8.33,5,5.04,9.3,6.01,6.82,1,6.13,8.21,9.55,9.73,10,9.37,9,8.98,6.7,8.23,6.03,9.96,8,10,6.26,8.46,7.74,7.49,8.43,8,8.64,10,8.88,3.9,5.56,7.15,8,10,10,7.43,2.87,6.67,8.87,3.52,6.67,8.17,6.13,7.48
2017,RUS,Russia,6.78,85,4.25,5.81,10,10,5,7.5,4.1,6.33,4.02,3.91,4.43,6.67,5,6.88,9.72,4.9,5.91,0.69,4.83,8.63,9.33,9.26,10,9.31,5.99,8.66,6.78,7.15,4.84,7.17,6,10,4.18,4.62,3.76,4.19,6.83,5,9.67,10,8.22,4.45,5.14,6.06,6,8.5,3,5.52,3.86,2.89,9.68,4.04,7.77,8.12,6.06,6.6
2017,RWA,Rwanda,7.26,56,6.85,9.34,0,8,5,6.5,3.55,5.25,6.71,6.22,6.49,6.4,,3.73,9.83,7.71,8.3,1,6.92,9.25,9.11,8.34,10,9.18,8.61,7.46,5.22,7.1,5.15,5.72,5.44,10,6.62,9.23,1.88,5.91,7.11,5,7.53,9,7.18,10,5.38,6.54,10,7.76,10,8.28,6.15,7.33,9.72,7.29,9.05,8.93,8.08,7.84
2017,SAU,Saudi Arabia,6.52,107,0.81,9.54,4,10,10,10,1.67,5.2,7.14,5.81,6.99,8.33,8.33,,9.97,8.3,7.31,0.36,5.3,9.59,6.46,9.83,10,8.97,9.18,8.82,3.46,7.15,5.86,,5.86,10,4.65,1.54,0.55,2.25,6.32,5,3.84,10,6.28,8.33,5.39,7.49,6,4.39,10,6.93,5.38,3.11,9.35,6.57,9.42,9.56,7.23,6.82
2017,SDN,Sudan,4.67,160,9.61,,10,10,7,8.5,2.47,7.64,,3.6,,0,4.17,3.8,8.94,,,0.48,3.03,5.55,3.53,3.52,5,4.4,,5.7,3.89,4.8,,0.92,0.92,0,,6.15,0.89,3.52,2.31,,6.23,,6.23,8.33,,,8,2.52,0,4.71,,4,8.68,,7,7.98,6.92,5.95
2017,SEN,Senegal,6.17,124,6.91,9.99,6,5,5,5,7.18,7.02,4.37,5.06,5.53,4.17,5,2.79,6.73,6.74,5.4,0.68,4.28,9.51,9.63,9.74,0,7.22,7.47,7.56,7.02,7.35,5.1,6.25,5.67,10,5.83,0.77,4.76,3.79,6.7,10,7.58,5,7.53,0,4.2,6.09,4,7.19,0,3.58,4.38,3.78,9.46,4,8.01,5.06,5.78,5.63
2017,SGP,Singapore,8.71,2,4.9,9.19,8,10,10,10,3.93,7.2,7.78,7.32,8.9,8.33,8.33,7.66,8.96,9.2,8.36,0.98,8.22,9.98,9.54,9.88,10,9.85,10,10,10,10,8.17,9.2,8.69,10,8.53,6.92,10,8.48,9.29,10,10,10,10,10,7.62,8.4,10,10,0,7.67,7.63,10,9.95,8.76,9.99,9.28,9.27,8.98
2017,SLE,Sierra Leone,5.63,147,8.81,10,4,7,4,5.5,6.4,6.94,3.45,3.46,4.47,4.17,5.83,4.18,5.42,4.13,4.54,0.76,3.88,7.85,6.98,6.36,5,6.54,8.99,7.62,7.14,7.92,4.47,3.42,3.94,10,5.24,0,1.77,2.34,6.05,2,0,9,3.67,3.33,4.12,5.54,8,0,10,5.16,3.9,2,9.66,2.74,7.91,6.16,5.39,4.74
2017,SLV,El Salvador,7.16,63,7.13,9.32,8,8,8,8,9.58,8.41,3.68,2.49,4.12,4.17,2.5,3.83,8.17,2.42,0.78,1,3.57,9.81,9.81,9.8,10,9.85,9.22,8.8,6.64,8.22,4.75,8.55,6.65,10,5.29,3.85,7.85,5.66,7.63,8,9.64,10,9.21,4.43,3.4,7.07,6,2.6,3,4.42,2.39,4.44,8.99,2.51,5.79,7.98,5.35,6.33
2017,SRB,Serbia,6.89,80,6.44,3.69,8,10,5,7.5,6.23,6.37,3.17,2.95,4.19,6.67,5.83,3.2,8.68,5,5.59,1,5.03,9.12,9.45,9.37,5,8.24,9.27,8.52,7.16,8.32,5.15,9.77,7.46,10,5.63,1.54,6.97,4.71,7.62,8,7.39,9,8.13,2.23,4.47,7.05,10,7.51,10,6.88,2.82,6.22,9.8,3.61,9.19,7.47,6.52,7.17
2017,SUR,Suriname,6.65,98,3.9,8.58,10,5,5,5,4.36,6.37,4.23,5.3,5.56,5,5,2.75,4.63,3.16,7.08,0.98,4.69,8.81,4.53,5.6,10,7.24,8.39,7.92,6.13,7.48,6.71,6.83,6.77,10,6.63,0,7.3,4.64,7.22,8,8.97,9,8.66,8.9,,,10,7.01,10,8.98,,1.33,6.89,4.49,7.28,7.77,5.55,7.73
2017,SVK,Slovak Rep,7.51,40,4.13,4.98,10,9,2,5.5,7.85,6.49,2.95,2.14,5.44,10,6.67,3.75,9.69,4.16,6.33,1,5.68,8.39,9.72,9.74,10,9.46,9,8.98,6.7,8.23,5.96,9.96,7.96,10,7.88,5.38,7.74,7,8.3,10,9.65,10,9.88,5.57,3.6,6.58,8,7.76,10,6.92,2.35,7.56,9.09,3.02,6.03,7.85,5.98,7.59
2017,SVN,Slovenia,7.15,67,4.2,5.11,8,4,0,2,6.95,5.25,4.4,3.12,5.73,9.17,7.5,4.23,8.32,7.19,7.71,0.95,6.22,8.1,9.8,9.71,10,9.41,9,8.98,6.7,8.23,6.21,9.96,8.09,10,4.98,3.08,7.74,5.27,7.9,5,10,10,8.33,2.23,2.55,5.81,8,8.13,10,6.12,2.74,7.56,9.62,4.78,6.88,7.39,6.49,6.98
2017,SWE,Sweden,7.56,35,0.84,4.81,8,2,0,1,8.06,4.54,8.2,6.72,8.08,9.17,10,4.98,8.45,7.15,6.96,1,7.75,7.75,9.82,9.64,10,9.3,9,8.98,6.7,8.23,6.78,9.92,8.35,10,7.6,3.08,7.74,6.14,8.18,10,10,8,9.33,6.67,4.4,4.53,6,10,10,6.93,5.35,6.67,9.74,7.84,9.01,8.63,7.87,8.05
2017,SWZ,Swaziland (Eswatini),6.52,107,4.73,9.88,0,7,7,7,4.67,5.25,4.48,3.84,5.11,5.5,,1.59,7.27,7.22,7.13,0.85,4.88,8.66,8.47,8.76,5,7.72,0,8.48,5.59,4.69,5.86,9.81,7.83,10,6.13,0.77,9.62,5.51,7.01,8,8.33,10,8.78,8.9,5.45,5.25,10,6.89,10,7.75,4.58,4,8.88,5.01,9.02,8.63,6.69,7.74
2017,SYC,Seychelles,7.16,63,1.75,8.57,8,10,10,10,3.06,6.27,5.28,4.77,5.84,8.1,,4.06,7.08,5.91,5.57,0.98,5.76,8.3,8.65,9.43,10,9.09,9.25,8.02,0,5.76,6.04,5.32,5.68,9.59,5.97,8.46,10,8.14,7.29,5,9.65,9,7.88,8.9,4.62,5.34,8,7.53,10,7.4,5.03,6,8.83,3.48,8.67,9.05,6.84,7.38
2017,SYR,Syria,5.05,155,6.82,8.97,2,9,5,7,3.83,5.72,3.1,1.9,5.86,3.33,7.5,3.22,4.09,,6.11,0.48,3.24,9.48,0,4.23,10,5.93,8.37,6.7,0.63,5.23,4.6,2.82,3.71,9.13,4.57,0.83,0,1.8,4.97,2,4.76,10,5.59,8.33,4.98,4.74,6,10,0,5.68,3.81,0.89,9.18,4.13,,6.23,4.85,5.37
2017,TCD,Chad,5.42,150,10,9.92,8,1,1,1,8.23,7.43,1.84,2.83,3.29,2.7,,2.22,6.51,2.9,3.25,0.7,2.72,8.8,8.68,9.82,0,6.83,,6.42,6.21,6.31,3.67,0.77,2.22,10,3.46,1.54,1.44,2.15,5.17,2,5.88,10,5.96,5,4.21,6.14,6,7.94,3,5.38,3.42,0.89,6.25,2.06,7.21,1.41,3.54,4.96
2017,TGO,Togo,6.21,121,7.31,9.95,2,7,,7,6.29,6.51,,4.3,7.99,4.17,5,3.9,6.47,,,0.98,5.24,8.93,9.21,9.8,0,6.98,7.58,7.56,7.02,7.39,4.87,3.29,4.08,10,,0.77,1.66,1.21,5.67,10,10,5,8.33,1.67,,,8,7.01,0,4.17,,3.78,9.36,,8.25,8.22,7.4,6.63
2017,THA,Thailand,6.86,81,4.37,9.21,6,8,8,8,6.33,6.78,5.13,4.45,5.26,3.33,4.17,6.27,7.46,4.64,5.19,0.83,4.67,9.82,9.68,9.87,5,8.59,9.68,8.1,4.41,7.4,5.74,8,6.87,10,6.45,1.54,6.08,4.69,7.24,8,9.89,10,9.3,5.57,5.56,5.71,10,1.37,0,4.7,4.3,7.33,9.82,4.05,8.99,7.43,6.99,7
2017,TJK,Tajikistan,6.05,132,6.53,9.06,0,10,7,8.5,1.34,5.09,5.46,5.3,5.74,4.5,,5.67,8.37,6.23,6.46,0.69,5.04,7.5,9.13,8.54,5,7.54,9.19,8.46,7.75,8.47,5.4,3.99,4.69,8,4.52,2.31,1,2.61,5.94,8,8.53,7,7.84,5.57,5.73,7.36,8,7.76,0,5.73,5.58,2.44,9.46,4.96,7.95,7.49,6.31,6.63
2017,TLS,Timor-Leste,5.99,133,0,8.63,0,10,10,10,3.62,4.45,3.85,3.5,3,6.4,,0,,1.4,4.73,1,3.27,7.4,5.15,9.89,10,8.11,9.68,9.5,10,9.73,3.93,5.05,4.49,10,5.34,8.46,,6.9,7.78,,6.4,4,5.2,2.23,,,8,8.96,10,7.3,,4.89,9.58,3.51,7.54,6.91,6.49,6.33
2017,TTO,Trinidad & Tobago,6.7,91,6.43,7.89,0,9,6,7.5,5.2,5.4,5.8,3.22,5.61,8.33,3.33,2.96,6.21,3.14,2.88,0.98,4.56,9.67,7.13,9.62,10,9.11,8.9,7.86,5.81,7.52,6.43,6.18,6.31,10,6.04,6.15,10,7.4,7.81,8,0,10,6,10,4.14,6.04,10,5.14,10,7.55,3.83,6.67,9.66,2.94,6.79,7.65,6.25,6.6
2017,TUN,Tunisia,6.2,122,5.15,6.41,7,7,2,4.5,5.1,5.63,4.78,4.22,5.87,6.67,8.33,4.88,7.26,5.72,5.27,0.8,5.29,9.02,9.63,8.93,0,6.9,8.83,7.68,5.27,7.26,4.75,7.26,6,8.59,5.44,0.77,9.4,5.2,6.76,5,6.67,10,7.22,6.1,2.95,4.63,10,5.51,3,5.36,3.36,5.33,9.7,3.98,9.36,8.39,6.69,6.42
2017,TUR,Turkey,6.67,95,5.96,6.54,7,7,7,7,6.5,6.6,3.25,3.24,5.26,3.33,5,4.36,8.59,5.37,5.76,0.88,4.62,8.3,9.32,7.77,10,8.85,9.47,7.82,0.58,5.96,5.87,9.36,7.61,10,5.84,2.31,8.41,5.52,7.27,5,8.9,5,6.3,5.57,4.13,7.06,8,2.52,1,4.71,3.99,7.11,9.66,4.35,9.23,8.09,7.07,6.03
2017,TWN,Taiwan,7.85,19,5.55,9.28,8,6,6,6,8.08,7.38,5.76,4.53,7.56,6.67,8.33,5.51,7.89,7.59,7.02,1,6.76,9.73,9.39,9.88,10,9.75,9.53,8.72,4.85,7.7,6.42,8.76,7.59,10,6.02,,5.2,5.61,7.73,5,9.24,10,8.08,5.57,6.1,8.22,10,6.26,5,6.86,5.04,9.56,9.66,6.51,9.58,7.52,7.98,7.64
2017,TZA,Tanzania,6.77,87,6.5,10,7,8,4,6,3.79,6.66,4.62,4.68,5.22,6.67,8.33,5.71,7.02,5.65,5.12,0.93,5.69,9.92,9.21,8.94,5,8.27,7.34,7.42,5.1,6.62,4.85,0.8,2.82,10,4.98,1.54,10,5.51,6.24,8,8.27,10,8.76,5.57,4.38,5.85,10,8.27,5,6.51,4.38,2,8.5,3.89,7.91,7.68,5.73,7
2017,UGA,Uganda,7.39,48,8.94,10,8,5,3,4,6.46,7.48,3.94,4.12,5.07,3.33,5.83,4.87,8.19,4.52,4.08,0.93,4.71,9.06,9.4,8.96,10,9.35,7.72,7.46,5.22,6.8,6.01,4.62,5.32,10,6.75,8.46,10,8.4,7.63,8,8.51,9,8.5,10,5.51,8.43,8,10,10,8.66,4.32,4.22,8.88,2.98,9.05,7.81,6.21,7.79
2017,UKR,Ukraine,5.96,135,4.86,5.45,10,10,7,8.5,6.97,7.16,2.58,2.93,3.84,8.33,6.67,4.8,9.09,4.52,5.21,0.67,4.44,7.82,5.01,7.11,0,4.99,9.46,9.1,7.95,8.84,4.86,6.53,5.7,9.36,3.78,0,5.86,3.22,6.78,5,9.36,9,7.79,5.57,5.21,4.74,6,9.25,0,5.13,3.94,6,9.79,2.94,9.52,6.33,6.42,6.44
2017,URY,Uruguay,7.05,70,6.56,5.9,7,7,6,6.5,5.64,6.32,7.53,4.4,6.53,5.83,4.17,3.59,6.45,5.27,4.44,0.95,5.23,8.23,9.16,8.76,10,9.04,8.44,7.94,6.87,7.75,5.71,6.22,5.96,10,6.97,8.46,7.74,7.73,7.86,5,8.1,9,7.37,8.9,2.89,2.37,8,4.61,10,6.13,3,7.56,9.55,6.28,6.82,8.17,6.9,6.8
2017,USA,United States,8.19,5,6.76,6.03,8,5,5,5,10,7.16,7.71,7.59,7.92,6.67,8.33,5.23,8.99,8.15,6.34,1,7.44,9.74,9.88,9.57,10,9.8,9.49,9.32,6.5,8.44,7.04,9.76,8.4,10,7.17,3.85,0.55,3.86,7.67,10,8,10,9.33,9.45,7.57,7.92,10,10,10,9.16,6.42,8.22,9.8,6.49,9.64,8.04,8.1,8.86
2017,VEN,Venezuela,2.58,162,8.58,5.77,0,7,6,6.5,2.04,4.58,0.22,0.62,1.15,0.83,1.67,2.38,8.06,1.28,1.61,1,1.98,2.77,0,0,0,0.69,8.45,7.24,6.08,7.26,4.09,0,2.04,0,3.12,0,7.19,3.44,3.18,5,0,5,3.33,0,0.92,5.63,4,,0,2.11,1.11,0,3.33,1.52,4.99,1.12,2.01,2.49
2017,VNM,Vietnam,6.27,119,9.2,,6,7,5,6,5.6,6.7,4.18,3.97,4.89,5,6.67,5.69,8.79,5.54,6.09,0.77,5,8.25,9.15,9.3,0,6.68,9.12,8.08,5.47,7.56,4.81,5.75,5.28,10,5.18,0.77,0.77,2.24,6.27,,7.91,10,8.95,7.77,5.09,6.19,10,2.52,0,5.26,3.66,6.44,9.39,3.66,8.21,4.42,5.96,6.73
2017,YEM,"Yemen, Rep.",5.84,140,10,9.02,4,10,8,9,3.52,7.11,2.38,2.63,3.1,4.17,3.33,3.78,9.05,2.59,3.21,0.66,3.16,9.91,6.89,5.06,10,7.96,8.92,8.48,7.81,8.4,4.04,10,7.02,4.8,2.56,6.92,1,3.49,5.93,,0,10,5,6.67,3.1,6.43,8,2.52,10,6.12,3.14,0,7.46,2.11,,7.22,3.99,5.04
2017,ZAF,South Africa,6.61,101,4.1,8.12,4,5,4,4.5,8.13,5.77,6.11,5.12,5.39,8.33,3.33,3.93,7,3.65,2.59,1,5.05,9.02,9.7,8.96,5,8.17,8.8,8.48,4.83,7.37,5.46,4.68,5.07,10,6,0.77,8.3,5.02,6.87,10,7.53,10,9.18,5.57,3.48,4.32,8,8.27,10,6.61,3.69,3.56,8.72,2.83,8.39,7.65,5.8,7.2
2017,ZMB,Zambia,6.84,83,6.05,10,4,5,4,4.5,8.5,6.61,3.7,3.67,5.48,8.33,6.67,3.51,5.96,4.53,5.68,0.98,5.22,7.87,8.63,8.68,10,8.8,8.99,7.22,1.27,5.83,5.28,2.43,3.86,10,6.89,9.23,10,8.71,7.1,5,7.55,10,7.52,4.43,4.74,7.12,8,0,10,5.72,4.39,4,9.38,3.14,7.83,8.16,6.15,6.46
2017,ZWE,Zimbabwe,5.69,145,5.46,9.33,6,4,4,4,2.67,5.49,3.26,3.37,2.6,3.33,5,2.37,6.82,4,5.72,1,4.05,9.37,9.48,9.82,5,8.42,6.19,6.56,1.61,4.79,4.85,1.33,3.09,3,3.51,0,8.85,4.12,3.75,8,9.31,10,9.1,6.67,2.79,3.03,8,6.26,10,6.12,1.92,2.67,7.81,2.61,7.49,7.29,4.96,6.73
